Id,Label,Weight
胡兰成,胡兰成,5763
梅香,梅香,20
梦生,梦生,4
怀生,怀生,2
青芸,青芸,79
积润,积润,3
唐玉凤,唐玉凤,139
一枝,一枝,128
陈公博,陈公博,36
周佛海,周佛海,88
张爱玲,张爱玲,387
池田笃纪,池田笃纪,114
马孝安,马孝安,20
崔真吾,崔真吾,18
汪精卫,汪精卫,282
斯伯母,斯伯母,39
颂德,颂德,32
雅珊,雅珊,8
陈海帆,陈海帆,14
白崇禧,白崇禧,8
李文源,李文源,14
全慧文,全慧文,4
林柏生,林柏生,39
梅思平,梅思平,23
樊仲云,樊仲云,11
陈春圃,陈春圃,10
陶希圣,陶希圣,11
褚民谊,褚民谊,10
赵叔雍,赵叔雍,2
李圣五,李圣五,4
朱朴之,朱朴之,4
李士群,李士群,132
吴四宝,吴四宝,60
陈群,陈群,11
畲爱珍,畲爱珍,249
熊剑东,熊剑东,29
应英娣,应英娣,13
冯和仪,冯和仪,2
苏青,苏青,9
炎樱,炎樱,20
沈启无,沈启无,40
关永吉,关永吉,34
潘龙潜,潘龙潜,8
周训德,周训德,174
范秀美,范秀美,260
斯君,斯君,52
张嘉仪,张嘉仪,4
徐步奎,徐步奎,36
刘景晨,刘景晨,113
邱清泉,邱清泉,3
杨雨农,杨雨农,7
夏瞿禅,夏瞿禅,24
吴天五,吴天五,30
Id,Label,Weight
胡兰成,胡兰成,5763
梅香,梅香,20
梦生,梦生,4
怀生,怀生,2
青芸,青芸,79
积润,积润,3
唐玉凤,唐玉凤,139
一枝,一枝,128
陈公博,陈公博,36
周佛海,周佛海,88
张爱玲,张爱玲,387
池田笃纪,池田笃纪,114
马孝安,马孝安,20
崔真吾,崔真吾,18
汪精卫,汪精卫,282
斯伯母,斯伯母,39
颂德,颂德,32
雅珊,雅珊,8
陈海帆,陈海帆,14
白崇禧,白崇禧,8
李文源,李文源,14
全慧文,全慧文,4
林柏生,林柏生,39
梅思平,梅思平,23
樊仲云,樊仲云,11
陈春圃,陈春圃,10
陶希圣,陶希圣,11
褚民谊,褚民谊,10
赵叔雍,赵叔雍,2
李圣五,李圣五,4
朱朴之,朱朴之,4
李士群,李士群,132
吴四宝,吴四宝,60
陈群,陈群,11
畲爱珍,畲爱珍,249
熊剑东,熊剑东,29
应英娣,应英娣,13
冯和仪,冯和仪,2
苏青,苏青,9
炎樱,炎樱,20
沈启无,沈启无,40
关永吉,关永吉,34
潘龙潜,潘龙潜,8
周训德,周训德,174
范秀美,范秀美,260
斯君,斯君,52
张嘉仪,张嘉仪,4
徐步奎,徐步奎,36
刘景晨,刘景晨,113
邱清泉,邱清泉,3
杨雨农,杨雨农,7
夏瞿禅,夏瞿禅,24
吴天五,吴天五,30
Id,Label,Weight
胡兰成,胡兰成,5763
梅香,梅香,20
梦生,梦生,4
怀生,怀生,2
青芸,青芸,79
积润,积润,3
唐玉凤,唐玉凤,139
一枝,一枝,128
陈公博,陈公博,36
周佛海,周佛海,88
张爱玲,张爱玲,387
池田笃纪,池田笃纪,114
马孝安,马孝安,20
崔真吾,崔真吾,18
汪精卫,汪精卫,282
斯伯母,斯伯母,39
颂德,颂德,32
雅珊,雅珊,8
陈海帆,陈海帆,14
白崇禧,白崇禧,8
李文源,李文源,14
全慧文,全慧文,4
林柏生,林柏生,39
梅思平,梅思平,23
樊仲云,樊仲云,11
陈春圃,陈春圃,10
陶希圣,陶希圣,11
褚民谊,褚民谊,10
赵叔雍,赵叔雍,2
李圣五,李圣五,4
朱朴之,朱朴之,4
李士群,李士群,132
吴四宝,吴四宝,60
陈群,陈群,11
畲爱珍,畲爱珍,249
熊剑东,熊剑东,29
应英娣,应英娣,13
冯和仪,冯和仪,2
苏青,苏青,9
炎樱,炎樱,20
沈启无,沈启无,40
关永吉,关永吉,34
潘龙潜,潘龙潜,8
周训德,周训德,174
范秀美,范秀美,260
斯君,斯君,52
张嘉仪,张嘉仪,4
徐步奎,徐步奎,36
刘景晨,刘景晨,113
邱清泉,邱清泉,3
杨雨农,杨雨农,7
夏瞿禅,夏瞿禅,24
吴天五,吴天五,30
